{
    "model_filepath":"../muTOV/uTOV-4layer-128-5kcut_high_mass.h5",
    "mass_mean":1.5168556935090685,
    "mass_std":0.2806059558770456,
    "log_P1_mean":34.7111441758183,
    "log_P1_std":0.3234767197758358,
    "Gamma_1_mean":3.8322329136040363,
    "Gamma_1_std":0.8274649248863042,
    "Gamma_2_mean":3.007512563262554,
    "Gamma_2_std":0.6806006209973537,
    "Gamma_3_mean":2.8962701661742662,
    "Gamma_3_std":0.7228481910966837
}
